{
  "auc": 0.9979480000000001,
  "accuracy": 0.996,
  "best_threshold": 0.20603015075376896,
  "tar_at_far_0.1%": 0.0,
  "n_pairs": 1000
}