{
  "light_both_degraded": {
    "auc": 0.9974621302244429,
    "accuracy": 0.9892008639308856,
    "effective_accuracy": 0.9892008639308856,
    "best_threshold": 0.14572864321608048,
    "tar_at_far_0.1%": 0.0,
    "n_pairs_evaluated": 926,
    "n_skipped": 0,
    "n_total": 926,
    "detection_rate": 1.0,
    "severity": "light",
    "degrade_both": true,
    "skipped": 74
  },
  "medium_both_degraded": {
    "auc": 0.9949442177125749,
    "accuracy": 0.9816017316017316,
    "effective_accuracy": 0.9816017316017316,
    "best_threshold": 0.15577889447236193,
    "tar_at_far_0.1%": 0.0,
    "n_pairs_evaluated": 924,
    "n_skipped": 0,
    "n_total": 924,
    "detection_rate": 1.0,
    "severity": "medium",
    "degrade_both": true,
    "skipped": 76
  },
  "heavy_both_degraded": {
    "auc": 0.9628526516091669,
    "accuracy": 0.9163987138263665,
    "effective_accuracy": 0.9163987138263665,
    "best_threshold": 0.11557788944723613,
    "tar_at_far_0.1%": 0.0,
    "n_pairs_evaluated": 311,
    "n_skipped": 0,
    "n_total": 311,
    "detection_rate": 1.0,
    "severity": "heavy",
    "degrade_both": true,
    "skipped": 689
  },
  "light_one_degraded": {
    "auc": 0.9960609324511464,
    "accuracy": 0.9937106918238994,
    "effective_accuracy": 0.9937106918238994,
    "best_threshold": 0.1758793969849246,
    "tar_at_far_0.1%": 0.0,
    "n_pairs_evaluated": 954,
    "n_skipped": 0,
    "n_total": 954,
    "detection_rate": 1.0,
    "severity": "light",
    "degrade_both": false,
    "skipped": 46
  },
  "medium_one_degraded": {
    "auc": 0.995419057067679,
    "accuracy": 0.9948078920041536,
    "effective_accuracy": 0.9948078920041536,
    "best_threshold": 0.1758793969849246,
    "tar_at_far_0.1%": 0.0,
    "n_pairs_evaluated": 963,
    "n_skipped": 0,
    "n_total": 963,
    "detection_rate": 1.0,
    "severity": "medium",
    "degrade_both": false,
    "skipped": 37
  },
  "heavy_one_degraded": {
    "auc": 0.9860879010695187,
    "accuracy": 0.9682835820895522,
    "effective_accuracy": 0.9682835820895522,
    "best_threshold": 0.11557788944723613,
    "tar_at_far_0.1%": 0.0,
    "n_pairs_evaluated": 536,
    "n_skipped": 0,
    "n_total": 536,
    "detection_rate": 1.0,
    "severity": "heavy",
    "degrade_both": false,
    "skipped": 464
  }
}