{
  "light_both_degraded": {
    "auc": 0.9973359973359973,
    "accuracy": 0.9881720430107527,
    "effective_accuracy": 0.919,
    "best_threshold": 0.15577889447236193,
    "tar_at_far_0.1%": 0.0,
    "n_pairs_evaluated": 930,
    "n_skipped": 70,
    "n_total": 1000,
    "detection_rate": 0.93,
    "severity": "light",
    "degrade_both": true,
    "skipped": 70
  },
  "medium_both_degraded": {
    "auc": 0.9947166537507371,
    "accuracy": 0.9823399558498896,
    "effective_accuracy": 0.89,
    "best_threshold": 0.14572864321608048,
    "tar_at_far_0.1%": 0.0,
    "n_pairs_evaluated": 906,
    "n_skipped": 94,
    "n_total": 1000,
    "detection_rate": 0.906,
    "severity": "medium",
    "degrade_both": true,
    "skipped": 94
  },
  "heavy_both_degraded": {
    "auc": 0.9597783169211741,
    "accuracy": 0.9172413793103448,
    "effective_accuracy": 0.266,
    "best_threshold": 0.12562814070351758,
    "tar_at_far_0.1%": 0.0,
    "n_pairs_evaluated": 290,
    "n_skipped": 710,
    "n_total": 1000,
    "detection_rate": 0.29,
    "severity": "heavy",
    "degrade_both": true,
    "skipped": 710
  },
  "light_one_degraded": {
    "auc": 0.9961474958723171,
    "accuracy": 0.9947753396029259,
    "effective_accuracy": 0.952,
    "best_threshold": 0.18592964824120606,
    "tar_at_far_0.1%": 0.0,
    "n_pairs_evaluated": 957,
    "n_skipped": 43,
    "n_total": 1000,
    "detection_rate": 0.957,
    "severity": "light",
    "degrade_both": false,
    "skipped": 43
  },
  "medium_one_degraded": {
    "auc": 0.9949700176972904,
    "accuracy": 0.9917098445595854,
    "effective_accuracy": 0.957,
    "best_threshold": 0.1959798994974875,
    "tar_at_far_0.1%": 0.0,
    "n_pairs_evaluated": 965,
    "n_skipped": 35,
    "n_total": 1000,
    "detection_rate": 0.965,
    "severity": "medium",
    "degrade_both": false,
    "skipped": 35
  },
  "heavy_one_degraded": {
    "auc": 0.9824575807334428,
    "accuracy": 0.9574861367837338,
    "effective_accuracy": 0.518,
    "best_threshold": 0.13567839195979903,
    "tar_at_far_0.1%": 0.0,
    "n_pairs_evaluated": 541,
    "n_skipped": 459,
    "n_total": 1000,
    "detection_rate": 0.541,
    "severity": "heavy",
    "degrade_both": false,
    "skipped": 459
  }
}